{"cameraMode":{"drawMode":0,"name":"Shaded","section":"Shading Mode"},"sceneLighting":true,"audioPlay":false,"sceneViewState":{"showFog":true,"showMaterialUpdate":true,"showSkybox":true,"showFlares":true,"showImageEffects":true,"showParticleSystems":true},"in2DMode":false,"pivot":{"x":8.517293930053711,"y":-51.08750915527344,"z":325.8955383300781},"rotation":{"x":-0.19619816541671754,"y":0.6144137978553772,"z":-0.16134396195411683,"w":-0.7471056580543518},"size":19.40642547607422,"orthographic":false}